Tanggal,Inflasi_MoM,IHK,USD_IDR,Inflasi_MoM_lag1,Inflasi_MoM_lag2,Inflasi_MoM_lag3,Inflasi_MoM_lag4,Inflasi_MoM_lag5,Inflasi_MoM_lag6,Inflasi_MoM_lag7,Inflasi_MoM_lag8,Inflasi_MoM_lag9,Inflasi_MoM_lag10,Inflasi_MoM_lag11,Inflasi_MoM_lag12,Bulan,Tahun
2006-01-01,1.36,138.72,9475.454545454546,-0.04,1.31,8.7,0.69,0.55,0.78,0.5,0.21,0.34,1.91,-0.17,1.43,1,2006
2006-02-01,0.58,139.53,9254.25,1.36,-0.04,1.31,8.7,0.69,0.55,0.78,0.5,0.21,0.34,1.91,-0.17,2,2006
2006-03-01,0.03,139.57,9157.717391304348,0.58,1.36,-0.04,1.31,8.7,0.69,0.55,0.78,0.5,0.21,0.34,1.91,3,2006
2006-04-01,0.05,139.64,8928.7,0.03,0.58,1.36,-0.04,1.31,8.7,0.69,0.55,0.78,0.5,0.21,0.34,4,2006
2006-05-01,0.37,140.16,9019.45652173913,0.05,0.03,0.58,1.36,-0.04,1.31,8.7,0.69,0.55,0.78,0.5,0.21,5,2006
2006-06-01,0.45,140.79,9365.477272727272,0.37,0.05,0.03,0.58,1.36,-0.04,1.31,8.7,0.69,0.55,0.78,0.5,6,2006
2006-07-01,0.45,141.42,9132.92857142857,0.45,0.37,0.05,0.03,0.58,1.36,-0.04,1.31,8.7,0.69,0.55,0.78,7,2006
2006-08-01,0.33,141.88,9095.347826086956,0.45,0.45,0.37,0.05,0.03,0.58,1.36,-0.04,1.31,8.7,0.69,0.55,8,2006
2006-09-01,0.38,142.42,9157.666666666666,0.33,0.45,0.45,0.37,0.05,0.03,0.58,1.36,-0.04,1.31,8.7,0.69,9,2006
2006-10-01,0.86,143.65,9172.068181818182,0.38,0.33,0.45,0.45,0.37,0.05,0.03,0.58,1.36,-0.04,1.31,8.7,10,2006
2006-11-01,0.34,144.14,9140.113636363636,0.86,0.38,0.33,0.45,0.45,0.37,0.05,0.03,0.58,1.36,-0.04,1.31,11,2006
2006-12-01,1.21,145.89,9090.92857142857,0.34,0.86,0.38,0.33,0.45,0.45,0.37,0.05,0.03,0.58,1.36,-0.04,12,2006
2007-01-01,1.04,147.41,9068.04347826087,1.21,0.34,0.86,0.38,0.33,0.45,0.45,0.37,0.05,0.03,0.58,1.36,1,2007
2007-02-01,0.62,148.32,9068.075,1.04,1.21,0.34,0.86,0.38,0.33,0.45,0.45,0.37,0.05,0.03,0.58,2,2007
2007-03-01,0.24,148.67,9171.636363636364,0.62,1.04,1.21,0.34,0.86,0.38,0.33,0.45,0.45,0.37,0.05,0.03,3,2007
2007-04-01,-0.16,148.43,9096.309523809523,0.24,0.62,1.04,1.21,0.34,0.86,0.38,0.33,0.45,0.45,0.37,0.05,4,2007
2007-05-01,0.1,148.58,8835.08695652174,-0.16,0.24,0.62,1.04,1.21,0.34,0.86,0.38,0.33,0.45,0.45,0.37,5,2007
2007-06-01,0.23,148.92,8985.095238095239,0.1,-0.16,0.24,0.62,1.04,1.21,0.34,0.86,0.38,0.33,0.45,0.45,6,2007
2007-07-01,0.72,149.99,9070.65909090909,0.23,0.1,-0.16,0.24,0.62,1.04,1.21,0.34,0.86,0.38,0.33,0.45,7,2007
2007-08-01,0.75,151.11,9369.41304347826,0.72,0.23,0.1,-0.16,0.24,0.62,1.04,1.21,0.34,0.86,0.38,0.33,8,2007
2007-09-01,0.8,152.32,9304.225,0.75,0.72,0.23,0.1,-0.16,0.24,0.62,1.04,1.21,0.34,0.86,0.38,9,2007
2007-10-01,0.79,153.53,9100.195652173914,0.8,0.75,0.72,0.23,0.1,-0.16,0.24,0.62,1.04,1.21,0.34,0.86,10,2007
2007-11-01,0.18,153.81,9266.113636363636,0.79,0.8,0.75,0.72,0.23,0.1,-0.16,0.24,0.62,1.04,1.21,0.34,11,2007
2007-12-01,1.1,155.5,9353.57142857143,0.18,0.79,0.8,0.75,0.72,0.23,0.1,-0.16,0.24,0.62,1.04,1.21,12,2007
2008-01-01,1.77,158.26,9398.847826086956,1.1,0.18,0.79,0.8,0.75,0.72,0.23,0.1,-0.16,0.24,0.62,1.04,1,2008
2008-02-01,0.65,159.29,9181.42857142857,1.77,1.1,0.18,0.79,0.8,0.75,0.72,0.23,0.1,-0.16,0.24,0.62,2,2008
2008-03-01,0.95,160.81,9173.714285714286,0.65,1.77,1.1,0.18,0.79,0.8,0.75,0.72,0.23,0.1,-0.16,0.24,3,2008
2008-04-01,0.57,161.73,9204.227272727272,0.95,0.65,1.77,1.1,0.18,0.79,0.8,0.75,0.72,0.23,0.1,-0.16,4,2008
2008-05-01,1.41,164.01,9273.59090909091,0.57,0.95,0.65,1.77,1.1,0.18,0.79,0.8,0.75,0.72,0.23,0.1,5,2008
2008-06-01,2.46,110.08,9285.238095238095,1.41,0.57,0.95,0.65,1.77,1.1,0.18,0.79,0.8,0.75,0.72,0.23,6,2008
2008-07-01,1.37,111.59,9158.41304347826,2.46,1.41,0.57,0.95,0.65,1.77,1.1,0.18,0.79,0.8,0.75,0.72,7,2008
2008-08-01,0.51,112.16,9147.285714285714,1.37,2.46,1.41,0.57,0.95,0.65,1.77,1.1,0.18,0.79,0.8,0.75,8,2008
2008-09-01,0.97,113.25,9345.65909090909,0.51,1.37,2.46,1.41,0.57,0.95,0.65,1.77,1.1,0.18,0.79,0.8,9,2008
2008-10-01,0.45,113.76,9954.434782608696,0.97,0.51,1.37,2.46,1.41,0.57,0.95,0.65,1.77,1.1,0.18,0.79,10,2008
2008-11-01,0.12,113.9,11566.75,0.45,0.97,0.51,1.37,2.46,1.41,0.57,0.95,0.65,1.77,1.1,0.18,11,2008
2008-12-01,-0.04,113.86,11229.782608695652,0.12,0.45,0.97,0.51,1.37,2.46,1.41,0.57,0.95,0.65,1.77,1.1,12,2008
2009-01-01,-0.07,113.78,11098.40909090909,-0.04,0.12,0.45,0.97,0.51,1.37,2.46,1.41,0.57,0.95,0.65,1.77,1,2009
2009-02-01,0.21,114.02,11828.0,-0.07,-0.04,0.12,0.45,0.97,0.51,1.37,2.46,1.41,0.57,0.95,0.65,2,2009
2009-03-01,0.22,114.27,11827.045454545454,0.21,-0.07,-0.04,0.12,0.45,0.97,0.51,1.37,2.46,1.41,0.57,0.95,3,2009
2009-04-01,-0.31,113.92,11026.136363636364,0.22,0.21,-0.07,-0.04,0.12,0.45,0.97,0.51,1.37,2.46,1.41,0.57,4,2009
2009-05-01,0.04,113.97,10367.380952380952,-0.31,0.22,0.21,-0.07,-0.04,0.12,0.45,0.97,0.51,1.37,2.46,1.41,5,2009
2009-06-01,0.11,114.1,10181.363636363636,0.04,-0.31,0.22,0.21,-0.07,-0.04,0.12,0.45,0.97,0.51,1.37,2.46,6,2009
2009-07-01,0.45,114.61,10099.021739130434,0.11,0.04,-0.31,0.22,0.21,-0.07,-0.04,0.12,0.45,0.97,0.51,1.37,7,2009
2009-08-01,0.56,115.25,9966.785714285714,0.45,0.11,0.04,-0.31,0.22,0.21,-0.07,-0.04,0.12,0.45,0.97,0.51,8,2009
2009-09-01,1.05,116.46,9849.09090909091,0.56,0.45,0.11,0.04,-0.31,0.22,0.21,-0.07,-0.04,0.12,0.45,0.97,9,2009
2009-10-01,0.19,116.68,9477.772727272728,1.05,0.56,0.45,0.11,0.04,-0.31,0.22,0.21,-0.07,-0.04,0.12,0.45,10,2009
2009-11-01,-0.03,116.65,9447.619047619048,0.19,1.05,0.56,0.45,0.11,0.04,-0.31,0.22,0.21,-0.07,-0.04,0.12,11,2009
2009-12-01,0.33,117.03,9451.5,-0.03,0.19,1.05,0.56,0.45,0.11,0.04,-0.31,0.22,0.21,-0.07,-0.04,12,2009
2010-01-01,0.84,118.01,9275.357142857143,0.33,-0.03,0.19,1.05,0.56,0.45,0.11,0.04,-0.31,0.22,0.21,-0.07,1,2010
2010-02-01,-0.08,118.36,9336.725,0.84,0.33,-0.03,0.19,1.05,0.56,0.45,0.11,0.04,-0.31,0.22,0.21,2,2010
2010-03-01,-0.14,118.19,9166.804347826086,-0.08,0.84,0.33,-0.03,0.19,1.05,0.56,0.45,0.11,0.04,-0.31,0.22,3,2010
2010-04-01,0.15,118.37,9027.818181818182,-0.14,-0.08,0.84,0.33,-0.03,0.19,1.05,0.56,0.45,0.11,0.04,-0.31,4,2010
2010-05-01,0.29,118.71,9167.333333333334,0.15,-0.14,-0.08,0.84,0.33,-0.03,0.19,1.05,0.56,0.45,0.11,0.04,5,2010
2010-06-01,0.97,119.86,9137.431818181818,0.29,0.15,-0.14,-0.08,0.84,0.33,-0.03,0.19,1.05,0.56,0.45,0.11,6,2010
2010-07-01,1.57,121.74,9040.818181818182,0.97,0.29,0.15,-0.14,-0.08,0.84,0.33,-0.03,0.19,1.05,0.56,0.45,7,2010
2010-08-01,0.76,122.67,8971.977272727272,1.57,0.97,0.29,0.15,-0.14,-0.08,0.84,0.33,-0.03,0.19,1.05,0.56,8,2010
2010-09-01,0.44,123.21,8979.704545454546,0.76,1.57,0.97,0.29,0.15,-0.14,-0.08,0.84,0.33,-0.03,0.19,1.05,9,2010
2010-10-01,0.06,123.29,8927.857142857143,0.44,0.76,1.57,0.97,0.29,0.15,-0.14,-0.08,0.84,0.33,-0.03,0.19,10,2010
2010-11-01,0.6,124.03,8941.90909090909,0.06,0.44,0.76,1.57,0.97,0.29,0.15,-0.14,-0.08,0.84,0.33,-0.03,11,2010
2010-12-01,0.92,125.17,9022.58695652174,0.6,0.06,0.44,0.76,1.57,0.97,0.29,0.15,-0.14,-0.08,0.84,0.33,12,2010
2011-01-01,0.89,126.29,9034.92857142857,0.92,0.6,0.06,0.44,0.76,1.57,0.97,0.29,0.15,-0.14,-0.08,0.84,1,2011
2011-02-01,0.13,126.46,8916.7,0.89,0.92,0.6,0.06,0.44,0.76,1.57,0.97,0.29,0.15,-0.14,-0.08,2,2011
2011-03-01,-0.32,126.05,8759.347826086956,0.13,0.89,0.92,0.6,0.06,0.44,0.76,1.57,0.97,0.29,0.15,-0.14,3,2011
2011-04-01,-0.31,125.66,8648.02380952381,-0.32,0.13,0.89,0.92,0.6,0.06,0.44,0.76,1.57,0.97,0.29,0.15,4,2011
2011-05-01,0.12,125.81,8558.045454545454,-0.31,-0.32,0.13,0.89,0.92,0.6,0.06,0.44,0.76,1.57,0.97,0.29,5,2011
2011-06-01,0.55,126.5,8563.727272727272,0.12,-0.31,-0.32,0.13,0.89,0.92,0.6,0.06,0.44,0.76,1.57,0.97,6,2011
2011-07-01,0.67,127.35,8529.238095238095,0.55,0.12,-0.31,-0.32,0.13,0.89,0.92,0.6,0.06,0.44,0.76,1.57,7,2011
2011-08-01,0.93,128.54,8525.847826086956,0.67,0.55,0.12,-0.31,-0.32,0.13,0.89,0.92,0.6,0.06,0.44,0.76,8,2011
2011-09-01,0.27,128.89,8724.75,0.93,0.67,0.55,0.12,-0.31,-0.32,0.13,0.89,0.92,0.6,0.06,0.44,9,2011
2011-10-01,-0.12,128.74,8864.47619047619,0.27,0.93,0.67,0.55,0.12,-0.31,-0.32,0.13,0.89,0.92,0.6,0.06,10,2011
2011-11-01,0.34,129.18,8998.181818181818,-0.12,0.27,0.93,0.67,0.55,0.12,-0.31,-0.32,0.13,0.89,0.92,0.6,11,2011
2011-12-01,0.57,129.91,9053.068181818182,0.34,-0.12,0.27,0.93,0.67,0.55,0.12,-0.31,-0.32,0.13,0.89,0.92,12,2011
2012-01-01,0.76,,9054.545454545454,0.57,0.34,-0.12,0.27,0.93,0.67,0.55,0.12,-0.31,-0.32,0.13,0.89,1,2012
2012-02-01,0.05,,8997.619047619048,0.76,0.57,0.34,-0.12,0.27,0.93,0.67,0.55,0.12,-0.31,-0.32,0.13,2,2012
2012-03-01,0.07,,9141.65909090909,0.05,0.76,0.57,0.34,-0.12,0.27,0.93,0.67,0.55,0.12,-0.31,-0.32,3,2012
2012-04-01,0.21,,9162.904761904761,0.07,0.05,0.76,0.57,0.34,-0.12,0.27,0.93,0.67,0.55,0.12,-0.31,4,2012
2012-05-01,0.07,,9252.673913043478,0.21,0.07,0.05,0.76,0.57,0.34,-0.12,0.27,0.93,0.67,0.55,0.12,5,2012
2012-06-01,0.62,,9405.833333333334,0.07,0.21,0.07,0.05,0.76,0.57,0.34,-0.12,0.27,0.93,0.67,0.55,6,2012
2012-07-01,0.7,,9432.272727272728,0.62,0.07,0.21,0.07,0.05,0.76,0.57,0.34,-0.12,0.27,0.93,0.67,7,2012
2012-08-01,0.95,,9492.217391304348,0.7,0.62,0.07,0.21,0.07,0.05,0.76,0.57,0.34,-0.12,0.27,0.93,8,2012
2012-09-01,0.01,,9553.55,0.95,0.7,0.62,0.07,0.21,0.07,0.05,0.76,0.57,0.34,-0.12,0.27,9,2012
2012-10-01,0.16,,9593.304347826086,0.01,0.95,0.7,0.62,0.07,0.21,0.07,0.05,0.76,0.57,0.34,-0.12,10,2012
2012-11-01,0.07,,9617.363636363636,0.16,0.01,0.95,0.7,0.62,0.07,0.21,0.07,0.05,0.76,0.57,0.34,11,2012
2012-12-01,0.54,,9635.52380952381,0.07,0.16,0.01,0.95,0.7,0.62,0.07,0.21,0.07,0.05,0.76,0.57,12,2012
2013-01-01,1.03,136.88,9651.934782608696,0.54,0.07,0.16,0.01,0.95,0.7,0.62,0.07,0.21,0.07,0.05,0.76,1,2013
2013-02-01,0.75,137.91,9680.375,1.03,0.54,0.07,0.16,0.01,0.95,0.7,0.62,0.07,0.21,0.07,0.05,2,2013
2013-03-01,0.63,138.78,9708.547619047618,0.75,1.03,0.54,0.07,0.16,0.01,0.95,0.7,0.62,0.07,0.21,0.07,3,2013
2013-04-01,-0.1,138.64,9722.613636363636,0.63,0.75,1.03,0.54,0.07,0.16,0.01,0.95,0.7,0.62,0.07,0.21,4,2013
2013-05-01,-0.03,138.6,9756.5,-0.1,0.63,0.75,1.03,0.54,0.07,0.16,0.01,0.95,0.7,0.62,0.07,5,2013
2013-06-01,1.03,140.03,9871.125,-0.03,-0.1,0.63,0.75,1.03,0.54,0.07,0.16,0.01,0.95,0.7,0.62,6,2013
2013-07-01,3.29,144.63,10071.217391304348,1.03,-0.03,-0.1,0.63,0.75,1.03,0.54,0.07,0.16,0.01,0.95,0.7,7,2013
2013-08-01,1.12,146.25,10532.5,3.29,1.03,-0.03,-0.1,0.63,0.75,1.03,0.54,0.07,0.16,0.01,0.95,8,2013
2013-09-01,-0.35,145.74,11327.261904761905,1.12,3.29,1.03,-0.03,-0.1,0.63,0.75,1.03,0.54,0.07,0.16,0.01,9,2013
2013-10-01,0.09,145.87,11344.760869565218,-0.35,1.12,3.29,1.03,-0.03,-0.1,0.63,0.75,1.03,0.54,0.07,0.16,10,2013
2013-11-01,0.12,146.04,11610.833333333334,0.09,-0.35,1.12,3.29,1.03,-0.03,-0.1,0.63,0.75,1.03,0.54,0.07,11,2013
2013-12-01,0.55,146.84,12086.25,0.12,0.09,-0.35,1.12,3.29,1.03,-0.03,-0.1,0.63,0.75,1.03,0.54,12,2013
2014-01-01,1.07,110.99,12157.782608695652,0.55,0.12,0.09,-0.35,1.12,3.29,1.03,-0.03,-0.1,0.63,0.75,1.03,1,2014
2014-02-01,0.26,111.28,11917.7,1.07,0.55,0.12,0.09,-0.35,1.12,3.29,1.03,-0.03,-0.1,0.63,0.75,2,2014
2014-03-01,0.08,111.37,11416.404761904761,0.26,1.07,0.55,0.12,0.09,-0.35,1.12,3.29,1.03,-0.03,-0.1,0.63,3,2014
2014-04-01,-0.02,111.35,11431.09090909091,0.08,0.26,1.07,0.55,0.12,0.09,-0.35,1.12,3.29,1.03,-0.03,-0.1,4,2014
2014-05-01,0.16,111.53,11535.795454545454,-0.02,0.08,0.26,1.07,0.55,0.12,0.09,-0.35,1.12,3.29,1.03,-0.03,5,2014
2014-06-01,0.43,112.01,11892.166666666666,0.16,-0.02,0.08,0.26,1.07,0.55,0.12,0.09,-0.35,1.12,3.29,1.03,6,2014
2014-07-01,0.93,113.05,11660.282608695652,0.43,0.16,-0.02,0.08,0.26,1.07,0.55,0.12,0.09,-0.35,1.12,3.29,7,2014
2014-08-01,0.47,113.58,11709.92857142857,0.93,0.43,0.16,-0.02,0.08,0.26,1.07,0.55,0.12,0.09,-0.35,1.12,8,2014
2014-09-01,0.27,113.89,11897.727272727272,0.47,0.93,0.43,0.16,-0.02,0.08,0.26,1.07,0.55,0.12,0.09,-0.35,9,2014
2014-10-01,0.47,114.42,12141.630434782608,0.27,0.47,0.93,0.43,0.16,-0.02,0.08,0.26,1.07,0.55,0.12,0.09,10,2014
2014-11-01,1.5,116.14,12166.825,0.47,0.27,0.47,0.93,0.43,0.16,-0.02,0.08,0.26,1.07,0.55,0.12,11,2014
2014-12-01,2.46,119.0,12431.217391304348,1.5,0.47,0.27,0.47,0.93,0.43,0.16,-0.02,0.08,0.26,1.07,0.55,12,2014
2015-01-01,-0.24,118.71,12572.181818181818,2.46,1.5,0.47,0.27,0.47,0.93,0.43,0.16,-0.02,0.08,0.26,1.07,1,2015
2015-02-01,-0.36,118.28,12760.675,-0.24,2.46,1.5,0.47,0.27,0.47,0.93,0.43,0.16,-0.02,0.08,0.26,2,2015
2015-03-01,0.17,118.48,13066.90909090909,-0.36,-0.24,2.46,1.5,0.47,0.27,0.47,0.93,0.43,0.16,-0.02,0.08,3,2015
2015-04-01,0.36,118.91,12946.15909090909,0.17,-0.36,-0.24,2.46,1.5,0.47,0.27,0.47,0.93,0.43,0.16,-0.02,4,2015
2015-05-01,0.5,119.5,13132.02380952381,0.36,0.17,-0.36,-0.24,2.46,1.5,0.47,0.27,0.47,0.93,0.43,0.16,5,2015
2015-06-01,0.54,120.14,13306.65909090909,0.5,0.36,0.17,-0.36,-0.24,2.46,1.5,0.47,0.27,0.47,0.93,0.43,6,2015
2015-07-01,0.93,121.26,13375.217391304348,0.54,0.5,0.36,0.17,-0.36,-0.24,2.46,1.5,0.47,0.27,0.47,0.93,7,2015
2015-08-01,0.39,121.73,13788.904761904761,0.93,0.54,0.5,0.36,0.17,-0.36,-0.24,2.46,1.5,0.47,0.27,0.47,8,2015
2015-09-01,-0.05,121.67,14409.90909090909,0.39,0.93,0.54,0.5,0.36,0.17,-0.36,-0.24,2.46,1.5,0.47,0.27,9,2015
2015-10-01,-0.08,121.57,13774.90909090909,-0.05,0.39,0.93,0.54,0.5,0.36,0.17,-0.36,-0.24,2.46,1.5,0.47,10,2015
2015-11-01,0.21,121.82,13676.095238095239,-0.08,-0.05,0.39,0.93,0.54,0.5,0.36,0.17,-0.36,-0.24,2.46,1.5,11,2015
2015-12-01,0.96,122.99,13834.478260869566,0.21,-0.08,-0.05,0.39,0.93,0.54,0.5,0.36,0.17,-0.36,-0.24,2.46,12,2015
2016-01-01,0.51,123.62,13886.309523809523,0.96,0.21,-0.08,-0.05,0.39,0.93,0.54,0.5,0.36,0.17,-0.36,-0.24,1,2016
2016-02-01,-0.09,123.51,13509.52380952381,0.51,0.96,0.21,-0.08,-0.05,0.39,0.93,0.54,0.5,0.36,0.17,-0.36,2,2016
2016-03-01,0.19,123.75,13197.217391304348,-0.09,0.51,0.96,0.21,-0.08,-0.05,0.39,0.93,0.54,0.5,0.36,0.17,3,2016
2016-04-01,-0.45,123.19,13171.714285714286,0.19,-0.09,0.51,0.96,0.21,-0.08,-0.05,0.39,0.93,0.54,0.5,0.36,4,2016
2016-05-01,0.24,123.48,13416.727272727272,-0.45,0.19,-0.09,0.51,0.96,0.21,-0.08,-0.05,0.39,0.93,0.54,0.5,5,2016
2016-06-01,0.66,124.29,13337.977272727272,0.24,-0.45,0.19,-0.09,0.51,0.96,0.21,-0.08,-0.05,0.39,0.93,0.54,6,2016
2016-07-01,0.69,125.15,13114.333333333334,0.66,0.24,-0.45,0.19,-0.09,0.51,0.96,0.21,-0.08,-0.05,0.39,0.93,7,2016
2016-08-01,-0.02,125.13,13160.326086956522,0.69,0.66,0.24,-0.45,0.19,-0.09,0.51,0.96,0.21,-0.08,-0.05,0.39,8,2016
2016-09-01,0.22,125.41,13109.84090909091,-0.02,0.69,0.66,0.24,-0.45,0.19,-0.09,0.51,0.96,0.21,-0.08,-0.05,9,2016
2016-10-01,0.14,125.59,13018.214285714286,0.22,-0.02,0.69,0.66,0.24,-0.45,0.19,-0.09,0.51,0.96,0.21,-0.08,10,2016
2016-11-01,0.47,126.18,13314.363636363636,0.14,0.22,-0.02,0.69,0.66,0.24,-0.45,0.19,-0.09,0.51,0.96,0.21,11,2016
2016-12-01,0.42,126.71,13409.113636363636,0.47,0.14,0.22,-0.02,0.69,0.66,0.24,-0.45,0.19,-0.09,0.51,0.96,12,2016
2017-01-01,0.97,127.94,13365.863636363636,0.42,0.47,0.14,0.22,-0.02,0.69,0.66,0.24,-0.45,0.19,-0.09,0.51,1,2017
2017-02-01,0.23,128.24,13337.875,0.97,0.42,0.47,0.14,0.22,-0.02,0.69,0.66,0.24,-0.45,0.19,-0.09,2,2017
2017-03-01,-0.02,128.22,13343.04347826087,0.23,0.97,0.42,0.47,0.14,0.22,-0.02,0.69,0.66,0.24,-0.45,0.19,3,2017
2017-04-01,0.09,128.33,13301.4,-0.02,0.23,0.97,0.42,0.47,0.14,0.22,-0.02,0.69,0.66,0.24,-0.45,4,2017
2017-05-01,0.39,128.83,13322.173913043478,0.09,-0.02,0.23,0.97,0.42,0.47,0.14,0.22,-0.02,0.69,0.66,0.24,5,2017
2017-06-01,0.69,129.72,13306.727272727272,0.39,0.09,-0.02,0.23,0.97,0.42,0.47,0.14,0.22,-0.02,0.69,0.66,6,2017
2017-07-01,0.22,130.0,13346.404761904761,0.69,0.39,0.09,-0.02,0.23,0.97,0.42,0.47,0.14,0.22,-0.02,0.69,7,2017
2017-08-01,-0.07,129.91,13343.021739130434,0.22,0.69,0.39,0.09,-0.02,0.23,0.97,0.42,0.47,0.14,0.22,-0.02,8,2017
2017-09-01,0.13,130.08,13307.547619047618,-0.07,0.22,0.69,0.39,0.09,-0.02,0.23,0.97,0.42,0.47,0.14,0.22,9,2017
2017-10-01,0.01,130.09,13527.795454545454,0.13,-0.07,0.22,0.69,0.39,0.09,-0.02,0.23,0.97,0.42,0.47,0.14,10,2017
2017-11-01,0.2,130.35,13527.545454545454,0.01,0.13,-0.07,0.22,0.69,0.39,0.09,-0.02,0.23,0.97,0.42,0.47,11,2017
2017-12-01,0.71,131.28,13559.0,0.2,0.01,0.13,-0.07,0.22,0.69,0.39,0.09,-0.02,0.23,0.97,0.42,12,2017
2018-01-01,0.62,132.1,13387.41304347826,0.71,0.2,0.01,0.13,-0.07,0.22,0.69,0.39,0.09,-0.02,0.23,0.97,1,2018
2018-02-01,0.17,132.32,13601.175,0.62,0.71,0.2,0.01,0.13,-0.07,0.22,0.69,0.39,0.09,-0.02,0.23,2,2018
2018-03-01,0.2,132.58,13759.772727272728,0.17,0.62,0.71,0.2,0.01,0.13,-0.07,0.22,0.69,0.39,0.09,-0.02,3,2018
2018-04-01,0.1,132.71,13808.809523809523,0.2,0.17,0.62,0.71,0.2,0.01,0.13,-0.07,0.22,0.69,0.39,0.09,4,2018
2018-05-01,0.21,132.99,14036.934782608696,0.1,0.2,0.17,0.62,0.71,0.2,0.01,0.13,-0.07,0.22,0.69,0.39,5,2018
2018-06-01,0.59,133.77,14007.261904761905,0.21,0.1,0.2,0.17,0.62,0.71,0.2,0.01,0.13,-0.07,0.22,0.69,6,2018
2018-07-01,0.28,134.14,14408.613636363636,0.59,0.21,0.1,0.2,0.17,0.62,0.71,0.2,0.01,0.13,-0.07,0.22,7,2018
2018-08-01,-0.05,134.07,14563.978260869566,0.28,0.59,0.21,0.1,0.2,0.17,0.62,0.71,0.2,0.01,0.13,-0.07,8,2018
2018-09-01,-0.18,133.83,14868.075,-0.05,0.28,0.59,0.21,0.1,0.2,0.17,0.62,0.71,0.2,0.01,0.13,9,2018
2018-10-01,0.28,134.2,15175.565217391304,-0.18,-0.05,0.28,0.59,0.21,0.1,0.2,0.17,0.62,0.71,0.2,0.01,10,2018
2018-11-01,0.27,134.56,14657.636363636364,0.28,-0.18,-0.05,0.28,0.59,0.21,0.1,0.2,0.17,0.62,0.71,0.2,11,2018
2018-12-01,0.62,135.39,14498.92857142857,0.27,0.28,-0.18,-0.05,0.28,0.59,0.21,0.1,0.2,0.17,0.62,0.71,12,2018
2019-01-01,0.32,135.83,14165.173913043478,0.62,0.27,0.28,-0.18,-0.05,0.28,0.59,0.21,0.1,0.2,0.17,0.62,1,2019
2019-02-01,-0.08,135.72,14029.025,0.32,0.62,0.27,0.28,-0.18,-0.05,0.28,0.59,0.21,0.1,0.2,0.17,2,2019
2019-03-01,0.11,135.87,14204.07142857143,-0.08,0.32,0.62,0.27,0.28,-0.18,-0.05,0.28,0.59,0.21,0.1,0.2,3,2019
2019-04-01,0.44,136.47,14137.545454545454,0.11,-0.08,0.32,0.62,0.27,0.28,-0.18,-0.05,0.28,0.59,0.21,0.1,4,2019
2019-05-01,0.68,137.4,14375.869565217392,0.44,0.11,-0.08,0.32,0.62,0.27,0.28,-0.18,-0.05,0.28,0.59,0.21,5,2019
2019-06-01,0.55,138.16,14233.725,0.68,0.44,0.11,-0.08,0.32,0.62,0.27,0.28,-0.18,-0.05,0.28,0.59,6,2019
2019-07-01,0.31,138.59,14031.391304347826,0.55,0.68,0.44,0.11,-0.08,0.32,0.62,0.27,0.28,-0.18,-0.05,0.28,7,2019
2019-08-01,0.12,138.75,14232.0,0.31,0.55,0.68,0.44,0.11,-0.08,0.32,0.62,0.27,0.28,-0.18,-0.05,8,2019
2019-09-01,-0.27,138.37,14100.357142857143,0.12,0.31,0.55,0.68,0.44,0.11,-0.08,0.32,0.62,0.27,0.28,-0.18,9,2019
2019-10-01,0.02,138.4,14113.152173913044,-0.27,0.12,0.31,0.55,0.68,0.44,0.11,-0.08,0.32,0.62,0.27,0.28,10,2019
2019-11-01,0.14,138.6,14061.02380952381,0.02,-0.27,0.12,0.31,0.55,0.68,0.44,0.11,-0.08,0.32,0.62,0.27,11,2019
2019-12-01,0.34,139.07,14002.477272727272,0.14,0.02,-0.27,0.12,0.31,0.55,0.68,0.44,0.11,-0.08,0.32,0.62,12,2019
2020-01-01,0.39,,13721.478260869566,0.34,0.14,0.02,-0.27,0.12,0.31,0.55,0.68,0.44,0.11,-0.08,0.32,1,2020
2020-02-01,0.28,,13767.125,0.39,0.34,0.14,0.02,-0.27,0.12,0.31,0.55,0.68,0.44,0.11,-0.08,2,2020
2020-03-01,0.1,,15179.119047619048,0.28,0.39,0.34,0.14,0.02,-0.27,0.12,0.31,0.55,0.68,0.44,0.11,3,2020
2020-04-01,0.08,,15710.595238095239,0.1,0.28,0.39,0.34,0.14,0.02,-0.27,0.12,0.31,0.55,0.68,0.44,4,2020
2020-05-01,0.07,,14854.6875,0.08,0.1,0.28,0.39,0.34,0.14,0.02,-0.27,0.12,0.31,0.55,0.68,5,2020
2020-06-01,0.18,,14105.357142857143,0.07,0.08,0.1,0.28,0.39,0.34,0.14,0.02,-0.27,0.12,0.31,0.55,6,2020
2020-07-01,-0.1,,14529.977272727272,0.18,0.07,0.08,0.1,0.28,0.39,0.34,0.14,0.02,-0.27,0.12,0.31,7,2020
2020-08-01,-0.05,,14649.166666666666,-0.1,0.18,0.07,0.08,0.1,0.28,0.39,0.34,0.14,0.02,-0.27,0.12,8,2020
2020-09-01,-0.05,,14785.0,-0.05,-0.1,0.18,0.07,0.08,0.1,0.28,0.39,0.34,0.14,0.02,-0.27,9,2020
2020-10-01,0.07,,14686.315789473685,-0.05,-0.05,-0.1,0.18,0.07,0.08,0.1,0.28,0.39,0.34,0.14,0.02,10,2020
2020-11-01,0.28,,14184.047619047618,0.07,-0.05,-0.05,-0.1,0.18,0.07,0.08,0.1,0.28,0.39,0.34,0.14,11,2020
2020-12-01,0.45,,14094.473684210527,0.28,0.07,-0.05,-0.05,-0.1,0.18,0.07,0.08,0.1,0.28,0.39,0.34,12,2020
2021-01-01,0.26,,14016.604761904762,0.45,0.28,0.07,-0.05,-0.05,-0.1,0.18,0.07,0.08,0.1,0.28,0.39,1,2021
2021-02-01,0.1,,14026.578947368422,0.26,0.45,0.28,0.07,-0.05,-0.05,-0.1,0.18,0.07,0.08,0.1,0.28,2,2021
2021-03-01,0.08,,14378.863636363636,0.1,0.26,0.45,0.28,0.07,-0.05,-0.05,-0.1,0.18,0.07,0.08,0.1,3,2021
2021-04-01,0.13,,14523.809523809523,0.08,0.1,0.26,0.45,0.28,0.07,-0.05,-0.05,-0.1,0.18,0.07,0.08,4,2021
2021-05-01,0.32,,14314.411764705883,0.13,0.08,0.1,0.26,0.45,0.28,0.07,-0.05,-0.05,-0.1,0.18,0.07,5,2021
2021-06-01,-0.16,,14330.380952380952,0.32,0.13,0.08,0.1,0.26,0.45,0.28,0.07,-0.05,-0.05,-0.1,0.18,6,2021
2021-07-01,0.08,,14491.333333333334,-0.16,0.32,0.13,0.08,0.1,0.26,0.45,0.28,0.07,-0.05,-0.05,-0.1,7,2021
2021-08-01,0.03,,14375.65,0.08,-0.16,0.32,0.13,0.08,0.1,0.26,0.45,0.28,0.07,-0.05,-0.05,8,2021
2021-09-01,-0.04,,14249.09090909091,0.03,0.08,-0.16,0.32,0.13,0.08,0.1,0.26,0.45,0.28,0.07,-0.05,9,2021
2021-10-01,0.12,,14177.55,-0.04,0.03,0.08,-0.16,0.32,0.13,0.08,0.1,0.26,0.45,0.28,0.07,10,2021
2021-11-01,0.37,,14262.636363636364,0.12,-0.04,0.03,0.08,-0.16,0.32,0.13,0.08,0.1,0.26,0.45,0.28,11,2021
2021-12-01,0.57,,14319.782608695652,0.37,0.12,-0.04,0.03,0.08,-0.16,0.32,0.13,0.08,0.1,0.26,0.45,12,2021
2022-01-01,0.56,,14335.190476190477,0.57,0.37,0.12,-0.04,0.03,0.08,-0.16,0.32,0.13,0.08,0.1,0.26,1,2022
2022-02-01,-0.02,,14345.777777777777,0.56,0.57,0.37,0.12,-0.04,0.03,0.08,-0.16,0.32,0.13,0.08,0.1,2,2022
2022-03-01,0.66,,14344.818181818182,-0.02,0.56,0.57,0.37,0.12,-0.04,0.03,0.08,-0.16,0.32,0.13,0.08,3,2022
2022-04-01,0.95,,14373.052631578947,0.66,-0.02,0.56,0.57,0.37,0.12,-0.04,0.03,0.08,-0.16,0.32,0.13,4,2022
2022-05-01,0.4,,14616.466666666667,0.95,0.66,-0.02,0.56,0.57,0.37,0.12,-0.04,0.03,0.08,-0.16,0.32,5,2022
2022-06-01,0.61,,14699.142857142857,0.4,0.95,0.66,-0.02,0.56,0.57,0.37,0.12,-0.04,0.03,0.08,-0.16,6,2022
2022-07-01,0.64,,14977.0,0.61,0.4,0.95,0.66,-0.02,0.56,0.57,0.37,0.12,-0.04,0.03,0.08,7,2022
2022-08-01,-0.21,,14839.09090909091,0.64,0.61,0.4,0.95,0.66,-0.02,0.56,0.57,0.37,0.12,-0.04,0.03,8,2022
2022-09-01,1.17,,14983.09090909091,-0.21,0.64,0.61,0.4,0.95,0.66,-0.02,0.56,0.57,0.37,0.12,-0.04,9,2022
2022-10-01,-0.11,,15433.42857142857,1.17,-0.21,0.64,0.61,0.4,0.95,0.66,-0.02,0.56,0.57,0.37,0.12,10,2022
2022-11-01,0.09,,15661.181818181818,-0.11,1.17,-0.21,0.64,0.61,0.4,0.95,0.66,-0.02,0.56,0.57,0.37,11,2022
2022-12-01,0.66,,15597.363636363636,0.09,-0.11,1.17,-0.21,0.64,0.61,0.4,0.95,0.66,-0.02,0.56,0.57,12,2022
2023-01-01,0.34,,15250.047619047618,0.66,0.09,-0.11,1.17,-0.21,0.64,0.61,0.4,0.95,0.66,-0.02,0.56,1,2023
2023-02-01,0.16,,15129.65,0.34,0.66,0.09,-0.11,1.17,-0.21,0.64,0.61,0.4,0.95,0.66,-0.02,2,2023
2023-03-01,0.18,,15272.619047619048,0.16,0.34,0.66,0.09,-0.11,1.17,-0.21,0.64,0.61,0.4,0.95,0.66,3,2023
2023-04-01,0.33,,14829.285714285714,0.18,0.16,0.34,0.66,0.09,-0.11,1.17,-0.21,0.64,0.61,0.4,0.95,4,2023
2023-05-01,0.09,,14823.772727272728,0.33,0.18,0.16,0.34,0.66,0.09,-0.11,1.17,-0.21,0.64,0.61,0.4,5,2023
2023-06-01,0.14,,14935.695454545454,0.09,0.33,0.18,0.16,0.34,0.66,0.09,-0.11,1.17,-0.21,0.64,0.61,6,2023
2023-07-01,0.21,,15032.809523809523,0.14,0.09,0.33,0.18,0.16,0.34,0.66,0.09,-0.11,1.17,-0.21,0.64,7,2023
2023-08-01,-0.02,,15244.208695652173,0.21,0.14,0.09,0.33,0.18,0.16,0.34,0.66,0.09,-0.11,1.17,-0.21,8,2023
2023-09-01,0.19,,15360.047619047618,-0.02,0.21,0.14,0.09,0.33,0.18,0.16,0.34,0.66,0.09,-0.11,1.17,9,2023
2023-10-01,0.17,,15749.772727272728,0.19,-0.02,0.21,0.14,0.09,0.33,0.18,0.16,0.34,0.66,0.09,-0.11,10,2023
2023-11-01,0.38,,15589.318181818182,0.17,0.19,-0.02,0.21,0.14,0.09,0.33,0.18,0.16,0.34,0.66,0.09,11,2023
2023-12-01,0.41,,15496.142857142857,0.38,0.17,0.19,-0.02,0.21,0.14,0.09,0.33,0.18,0.16,0.34,0.66,12,2023
2024-01-01,0.04,,15607.04347826087,0.41,0.38,0.17,0.19,-0.02,0.21,0.14,0.09,0.33,0.18,0.16,0.34,1,2024
2024-02-01,0.37,,15643.97619047619,0.04,0.41,0.38,0.17,0.19,-0.02,0.21,0.14,0.09,0.33,0.18,0.16,2,2024
2024-03-01,0.52,,15697.190476190477,0.37,0.04,0.41,0.38,0.17,0.19,-0.02,0.21,0.14,0.09,0.33,0.18,3,2024
2024-04-01,0.25,,16082.122727272728,0.52,0.37,0.04,0.41,0.38,0.17,0.19,-0.02,0.21,0.14,0.09,0.33,4,2024
2024-05-01,-0.03,,16044.21111111111,0.25,0.52,0.37,0.04,0.41,0.38,0.17,0.19,-0.02,0.21,0.14,0.09,5,2024
2024-06-01,-0.08,,16044.21111111111,-0.03,0.25,0.52,0.37,0.04,0.41,0.38,0.17,0.19,-0.02,0.21,0.14,6,2024
2024-07-01,-0.18,,16044.21111111111,-0.08,-0.03,0.25,0.52,0.37,0.04,0.41,0.38,0.17,0.19,-0.02,0.21,7,2024
2024-08-01,-0.03,,16044.21111111111,-0.18,-0.08,-0.03,0.25,0.52,0.37,0.04,0.41,0.38,0.17,0.19,-0.02,8,2024
2024-09-01,-0.12,,16044.21111111111,-0.03,-0.18,-0.08,-0.03,0.25,0.52,0.37,0.04,0.41,0.38,0.17,0.19,9,2024
2024-10-01,0.08,,16044.21111111111,-0.12,-0.03,-0.18,-0.08,-0.03,0.25,0.52,0.37,0.04,0.41,0.38,0.17,10,2024
2024-11-01,0.3,,16044.21111111111,0.08,-0.12,-0.03,-0.18,-0.08,-0.03,0.25,0.52,0.37,0.04,0.41,0.38,11,2024
2024-12-01,0.44,,16044.21111111111,0.3,0.08,-0.12,-0.03,-0.18,-0.08,-0.03,0.25,0.52,0.37,0.04,0.41,12,2024
2025-01-01,-0.76,,16044.21111111111,0.44,0.3,0.08,-0.12,-0.03,-0.18,-0.08,-0.03,0.25,0.52,0.37,0.04,1,2025
2025-02-01,-0.48,,16044.21111111111,-0.76,0.44,0.3,0.08,-0.12,-0.03,-0.18,-0.08,-0.03,0.25,0.52,0.37,2,2025
2025-03-01,1.65,,16044.21111111111,-0.48,-0.76,0.44,0.3,0.08,-0.12,-0.03,-0.18,-0.08,-0.03,0.25,0.52,3,2025
2025-04-01,1.17,,16044.21111111111,1.65,-0.48,-0.76,0.44,0.3,0.08,-0.12,-0.03,-0.18,-0.08,-0.03,0.25,4,2025
2025-05-01,-0.37,,16044.21111111111,1.17,1.65,-0.48,-0.76,0.44,0.3,0.08,-0.12,-0.03,-0.18,-0.08,-0.03,5,2025
2025-06-01,0.19,,16044.21111111111,-0.37,1.17,1.65,-0.48,-0.76,0.44,0.3,0.08,-0.12,-0.03,-0.18,-0.08,6,2025
2025-07-01,0.3,,16044.21111111111,0.19,-0.37,1.17,1.65,-0.48,-0.76,0.44,0.3,0.08,-0.12,-0.03,-0.18,7,2025
2025-08-01,-0.08,,16044.21111111111,0.3,0.19,-0.37,1.17,1.65,-0.48,-0.76,0.44,0.3,0.08,-0.12,-0.03,8,2025
2025-09-01,0.21,,16044.21111111111,-0.08,0.3,0.19,-0.37,1.17,1.65,-0.48,-0.76,0.44,0.3,0.08,-0.12,9,2025
2025-10-01,0.28,,16044.21111111111,0.21,-0.08,0.3,0.19,-0.37,1.17,1.65,-0.48,-0.76,0.44,0.3,0.08,10,2025
2025-11-01,0.17,,16044.21111111111,0.28,0.21,-0.08,0.3,0.19,-0.37,1.17,1.65,-0.48,-0.76,0.44,0.3,11,2025
2025-12-01,0.64,,16044.21111111111,0.17,0.28,0.21,-0.08,0.3,0.19,-0.37,1.17,1.65,-0.48,-0.76,0.44,12,2025
2026-01-01,-0.15,,16044.21111111111,0.64,0.17,0.28,0.21,-0.08,0.3,0.19,-0.37,1.17,1.65,-0.48,-0.76,1,2026
2026-02-01,0.68,,16044.21111111111,-0.15,0.64,0.17,0.28,0.21,-0.08,0.3,0.19,-0.37,1.17,1.65,-0.48,2,2026
